,Activity,Time Spent (seconds),H:M:S,Category,Productivity
1,Xcode,78834,21:53:54,Editing & IDEs,2
2,youtube.com,45324,12:35:24,Video,-2
3,Terminal,42195,11:43:15,Systems Operations,2
4,Slack,34948,9:42:28,Instant Message,2
5,github.com,28091,7:48:11,General Software Development,2
6,sublime text,25589,7:6:29,Editing & IDEs,2
7,wechat,25395,7:3:15,General Social Networking,-2
8,google.com,20989,5:49:49,Search,2
9,tw.iqiyi.com,19336,5:22:16,Video,-2
10,Google Spreadsheets,13765,3:49:25,General Business,2
11,jira.braze.com,13060,3:37:40,Design & Planning,2
12,en.wikipedia.org,12642,3:30:42,General Reference & Learning,1
13,Gmail,12366,3:26:6,Email,2
14,screensaverengine,11428,3:10:28,General Utilities,0
15,facetime,9625,2:40:25,Voice Chat,-2
16,amazon.com,8935,2:28:55,General Shopping,-1
17,messenger.com,7701,2:8:21,General Social Networking,-2
18,stackoverflow.com,7143,1:59:3,General Software Development,2
19,google.com/calendar,6745,1:52:25,Calendars,2
20,sweeney.braze.com,5899,1:38:19,General Software Development,2
21,Google Documents,5437,1:30:37,Writing,2
22,rescuetime.com,4867,1:21:7,Intelligence,0
23,braze.exceedlms.com,4842,1:20:42,General Reference & Learning,2
24,developer.apple.com,4798,1:19:58,Engineering & Technology,1
25,usr56.dayforcehcm.com,4765,1:19:25,General Business,2
26,iqiyi.com,4434,1:13:54,Video,-2
27,messages,4409,1:13:29,General Social Networking,-2
28,thebeijinger.com,4348,1:12:28,General News & Opinion,-2
29,Notes,4282,1:11:22,Email,0
30,9to5mac.com,4264,1:11:4,General News & Opinion,-2
31,dashboard-01.braze.com,3530,0:58:50,General Software Development,2
32,geoguessr.com,3327,0:55:27,Games,-2
33,united.com,3215,0:53:35,Travel & Outdoors,-2
34,Mail,2933,0:48:53,Email,2
35,Google Forms,2695,0:44:55,General Business,2
36,photos,2583,0:43:3,Photos,0
37,secure.bankofamerica.com,2571,0:42:51,Accounting,2
38,mbvans.com,2444,0:40:44,Uncategorized,0
39,loginwindow,2395,0:39:55,General Utilities,0
40,Finder,2108,0:35:8,General Utilities,0
41,simulator,2066,0:34:26,General Software Development,2
42,gaoloumi.cc,2037,0:33:57,General News & Opinion,-2
43,aa.com,2008,0:33:28,Travel & Outdoors,-2
44,map.baidu.com,1998,0:33:18,Maps & Regional,-2
45,ditiezu.com,1940,0:32:20,Uncategorized,0
46,drive.google.com,1915,0:31:55,General Business,2
47,Preview,1905,0:31:45,General Reference & Learning,2
48,firehose.guide,1672,0:27:52,General Communication & Scheduling,2
49,tripadvisor.com,1658,0:27:38,Travel & Outdoors,-2
50,lastpass,1611,0:26:51,General Utilities,1
51,yelp.com,1409,0:23:29,Search,0
52,airbnb.com.sg,1400,0:23:20,Uncategorized,0
53,hotels.united.com,1352,0:22:32,Travel & Outdoors,-2
54,bilibili.com,1345,0:22:25,Video,-2
55,notability,1265,0:21:5,Writing,2
56,classpass.com,1241,0:20:41,Uncategorized,0
57,newtab,1210,0:20:10,Browsers,0
58,TextEdit,1163,0:19:23,Writing,2
59,cocoadevcentral.com,1157,0:19:17,General Software Development,2
60,student.mit.edu,1120,0:18:40,General Reference & Learning,1
61,cnn.com,1069,0:17:49,General News & Opinion,2
62,confluence.braze.com,1031,0:17:11,Uncategorized,0
63,scmp.com,992,0:16:32,General News & Opinion,-2
64,linkedin.com,941,0:15:41,Professional Networking,1
65,baike.baidu.com,873,0:14:33,Search,0
66,pandas.pydata.org,853,0:14:13,Engineering & Technology,1
67,sprinter-source.com,828,0:13:48,General Reference & Learning,1
68,braze.bamboohr.com,816,0:13:36,General Business,2
69,opentable.com,811,0:13:31,Travel & Outdoors,-2
70,casper.com,777,0:12:57,General Shopping,-2
71,flarespace.com,745,0:12:25,Uncategorized,0
72,freedomvans.co,728,0:12:8,Uncategorized,0
73,apple.com,683,0:11:23,Engineering & Technology,-1
74,planetfitness.com,680,0:11:20,General Reference & Learning,1
75,facebook.com,671,0:11:11,General Social Networking,-2
76,thrillist.com,651,0:10:51,General News & Opinion,-2
77,reddit.com,635,0:10:35,General News & Opinion,-2
78,thewaywardhome.com,620,0:10:20,Uncategorized,0
79,wanderu.com,613,0:10:13,General Reference & Learning,1
80,vice.com,602,0:10:2,General Entertainment,-2
81,servicedesk.braze.com,600,0:10:0,Uncategorized,0
82,theguardian.com,600,0:10:0,General News & Opinion,-2
83,timeoutbeijing.com,599,0:9:59,Uncategorized,0
84,forbes.com,597,0:9:57,General News & Opinion,-2
85,vacationidea.com,594,0:9:54,Travel & Outdoors,-2
86,register.ymcanyc.org,589,0:9:49,Sales,2
87,tools.usps.com,548,0:9:8,General Business,2
88,gnomadhome.com,540,0:9:0,Uncategorized,0
89,campervan-hq.com,536,0:8:56,Uncategorized,0
90,skyscrapercity.com,535,0:8:55,General News & Opinion,-2
91,highya.com,501,0:8:21,General Reference & Learning,1
92,dashboard.buddybuild.com,483,0:8:3,General Software Development,2
93,System Preferences,478,0:7:58,General Utilities,0
94,airbnb.com,476,0:7:56,Travel & Outdoors,-2
95,samchui.com,474,0:7:54,Uncategorized,0
96,cnbc.com,465,0:7:45,Business,-1
97,eecs.mit.edu,457,0:7:37,General Reference & Learning,1
98,alexanderguo.com,453,0:7:33,General Design & Composition,2
99,braze.com,452,0:7:32,Uncategorized,0
100,ft.com,447,0:7:27,General News & Opinion,-2
101,search.bilibili.com,436,0:7:16,Video,-2
102,baijiahao.baidu.com,427,0:7:7,Search,0
103,lostplate.com,419,0:6:59,Uncategorized,0
104,untourfoodtours.com,415,0:6:55,Uncategorized,0
105,geeksforgeeks.org,378,0:6:18,Operations,2
106,icloud.com,370,0:6:10,General Software Development,2
107,bloomberg.com,367,0:6:7,Business,-1
108,registrar.mit.edu,365,0:6:5,Presentation,2
109,baidu.com,357,0:5:57,Search,2
110,publishersweekly.com,355,0:5:55,Intelligence,2
111,hdokiejnpimakedhajhdlcegeplioahd,353,0:5:53,General Utilities,1
112,nationalinterest.org,352,0:5:52,General News & Opinion,-2
113,help.rescuetime.com,352,0:5:52,General Reference & Learning,0
114,maps,341,0:5:41,Maps & Regional,1
115,ny.cheapinthecity.com,329,0:5:29,Uncategorized,0
116,braze.mypolicies.com,319,0:5:19,Uncategorized,0
117,nytimes.com,314,0:5:14,General News & Opinion,-2
118,espn.com,311,0:5:11,Sports,-1
119,calendar,305,0:5:5,Calendars,1
120,asiatimes.com,301,0:5:1,Uncategorized,0
121,history,301,0:5:1,Browsers,0
122,outsidevan.com,301,0:5:1,Uncategorized,0
123,bearfoottheory.com,293,0:4:53,Uncategorized,0
124,businessinsider.com,286,0:4:46,General News & Opinion,-2
125,jacksonparklic.com,285,0:4:45,Uncategorized,0
126,tutorialspoint.com,281,0:4:41,General Reference & Learning,1
127,info.crunch.com,279,0:4:39,Uncategorized,0
128,iTunes,279,0:4:39,Music,0
129,counterpunch.org,277,0:4:37,General News & Opinion,-2
130,medium.com,267,0:4:27,General News & Opinion,-2
131,web.mit.edu,260,0:4:20,General Reference & Learning,2
132,storeuid,258,0:4:18,General Utilities,1
133,zh.wikipedia.org,251,0:4:11,Search,0
134,thecrazytourist.com,249,0:4:9,Uncategorized,0
135,airchina.com.cn,246,0:4:6,General News & Opinion,-2
136,cargurus.com,243,0:4:3,General Shopping,-2
137,guides.rubyonrails.org,242,0:4:2,Engineering & Technology,1
138,catalog.mit.edu,239,0:3:59,Presentation,2
139,sohu.com,239,0:3:59,General News & Opinion,-2
140,dimensions.guide,238,0:3:58,Uncategorized,0
141,passengerterminaltoday.com,230,0:3:50,Uncategorized,0
142,wsj.com,224,0:3:44,General News & Opinion,-2
143,frommers.com,222,0:3:42,Travel & Outdoors,-2
144,mytourig.com,222,0:3:42,Uncategorized,0
145,help.github.com,220,0:3:40,Systems Operations,2
146,uncommongoods.com,219,0:3:39,General Shopping,-2
147,techcrunch.com,216,0:3:36,Science & Technology,-1
148,thatsmags.com,210,0:3:30,Uncategorized,0
149,bbc.com,199,0:3:19,General News & Opinion,-2
150,hst.mit.edu,196,0:3:16,General Reference & Learning,1
151,accounts.google.com,195,0:3:15,General Communication & Scheduling,0
152,macrumors.com,194,0:3:14,General News & Opinion,-2
153,asia.nikkei.com,192,0:3:12,General News & Opinion,-2
154,foreignpolicy.com,191,0:3:11,General News & Opinion,-2
155,oleandercycles.bm,187,0:3:7,Uncategorized,0
156,chrisalbon.com,186,0:3:6,General Reference & Learning,1
157,cocoapods.org,183,0:3:3,General Software Development,2
158,creative cloud,182,0:3:2,General Design & Composition,2
159,bakersfield.com,182,0:3:2,Regional,-2
160,bankofamerica.com,181,0:3:1,General Business,2
161,foxtrotalpha.jalopnik.com,180,0:3:0,Entertainment,-2
162,washingtonpost.com,179,0:2:59,General News & Opinion,-2
163,roadslesstraveled.us,178,0:2:58,Uncategorized,0
164,expressvpn,174,0:2:54,General Utilities,1
165,ph.ucla.edu,174,0:2:54,General Reference & Learning,1
166,microsoft word,173,0:2:53,Writing,2
167,ymcanyc.org,170,0:2:50,Sales,2
168,naturalwireless.com,169,0:2:49,Uncategorized,0
169,dianping.com,166,0:2:46,Search,0
170,newbloommag.net,163,0:2:43,Uncategorized,0
171,qz.com,163,0:2:43,General News & Opinion,-2
172,assets.mbvans.com,162,0:2:42,Uncategorized,0
173,mystatus.united.com,162,0:2:42,Travel & Outdoors,-2
174,claypotnyc.com,162,0:2:42,Uncategorized,0
175,quora.com,162,0:2:42,General Reference & Learning,-1
176,trailkitchens.com,160,0:2:40,Uncategorized,0
177,nationalgeographic.co.uk,158,0:2:38,Uncategorized,0
178,en.greatfire.org,158,0:2:38,Uncategorized,0
179,users,158,0:2:38,General Software Development,2
180,creditcards.chase.com,158,0:2:38,Accounting,2
181,gss0.bdstatic.com,157,0:2:37,Uncategorized,0
182,democraticunderground.com,156,0:2:36,General News & Opinion,-2
183,womansday.com,156,0:2:36,General News & Opinion,-2
184,cosmopolitan.com,153,0:2:33,Business & Finance,1
185,sellercentral.amazon.com,152,0:2:32,General Business,2
186,new.mta.info,148,0:2:28,Travel & Outdoors,-2
187,freightwaves.com,147,0:2:27,Uncategorized,0
188,sprinter-rv.com,146,0:2:26,Uncategorized,0
189,latimes.com,145,0:2:25,General News & Opinion,-2
190,lastpass.com,143,0:2:23,General Utilities,1
191,realpython.com,142,0:2:22,Engineering & Technology,1
192,cloudwards.net,141,0:2:21,Uncategorized,0
193,greenmatch.co.uk,139,0:2:19,Uncategorized,0
194,space.bilibili.com,132,0:2:12,Video,-2
195,parkedinparadise.com,132,0:2:12,Uncategorized,0
196,cleantechnica.com,131,0:2:11,General News & Opinion,-2
197,app store,130,0:2:10,General Shopping,-2
198,strandbooks.com,129,0:2:9,General Entertainment,-2
199,fifa.com,128,0:2:8,Sports,-1
200,2019-worldpride-stonewall50.nycpride.org,128,0:2:8,Uncategorized,0
201,johnnyjet.com,126,0:2:6,Travel & Outdoors,-2
202,theglobetrottingteacher.com,126,0:2:6,Uncategorized,0
203,secure.touchnet.net,126,0:2:6,General Business,2
204,streeteasy.com,125,0:2:5,Home & Garden,0
205,powerhousegym.com,125,0:2:5,Uncategorized,0
206,meet.google.com,124,0:2:4,Search,0
207,askmen.com,123,0:2:3,Search,0
208,theatlantic.com,123,0:2:3,General News & Opinion,-2
209,coreservicesuiagent,123,0:2:3,General Utilities,0
210,cbc.ca,122,0:2:2,General News & Opinion,-2
211,newsweek.com,120,0:2:0,General News & Opinion,-2
212,mattressfirm.com,118,0:1:58,General Shopping,-2
213,teamtreehouse.com,118,0:1:58,Engineering & Technology,1
214,cheatsheet.com,114,0:1:54,General News & Opinion,-2
215,reuters.com,113,0:1:53,General News & Opinion,-2
216,express.co.uk,112,0:1:52,General Utilities,1
217,macworld.com,108,0:1:48,Science & Technology,-1
218,variety.com,107,0:1:47,General News & Opinion,-2
219,boltbus.com,107,0:1:47,Travel & Outdoors,-2
220,nbcnews.com,105,0:1:45,General News & Opinion,-2
221,shine.cn,104,0:1:44,Uncategorized,0
222,flexfits.com,104,0:1:44,Uncategorized,0
223,newyorksportsclubs.com,104,0:1:44,Uncategorized,0
224,websitesetup.org,103,0:1:43,Uncategorized,0
225,researchgate.net,101,0:1:41,Professional Networking,1
226,thewanderingrv.com,101,0:1:41,Uncategorized,0
227,thepointsguy.com,99,0:1:39,Travel & Outdoors,-2
228,barnesandnoble.com,99,0:1:39,General Shopping,-2
229,digitaltrends.com,98,0:1:38,Engineering & Technology,1
230,channelnewsasia.com,96,0:1:36,General News & Opinion,-2
231,theexplorercard.com,94,0:1:34,Uncategorized,0
232,markets.businessinsider.com,93,0:1:33,General News & Opinion,-2
233,caixinglobal.com,93,0:1:33,Uncategorized,0
234,bermuda.com,93,0:1:33,Uncategorized,0
235,ibubblog.wordpress.com,91,0:1:31,General News & Opinion,-2
236,dusp.mit.edu,90,0:1:30,General Reference & Learning,1
237,Safari,89,0:1:29,Browsers,2
238,deadline.com,88,0:1:28,Business,-1
239,movie.douban.com,88,0:1:28,Video,-2
240,support.google.com,87,0:1:27,General News & Opinion,2
241,finance.yahoo.com,87,0:1:27,General News & Opinion,-2
242,system information,85,0:1:25,General Utilities,0
243,cointelegraph.com,85,0:1:25,Uncategorized,0
244,grechmotors.com,83,0:1:23,Uncategorized,0
245,planet-fitness.pissedconsumer.com,82,0:1:22,Uncategorized,0
246,nypost.com,82,0:1:22,General News & Opinion,-2
247,time.com,81,0:1:21,General News & Opinion,-2
248,minitool.com,80,0:1:20,Uncategorized,0
249,weather.com,78,0:1:18,Travel & Outdoors,-2
250,wallpaper.com,78,0:1:18,Uncategorized,0
251,whatsonweibo.com,78,0:1:18,Uncategorized,0
252,keychain access,77,0:1:17,Systems Operations,2
253,expedia.com,76,0:1:16,Travel & Outdoors,-2
254,bestcompany.com,76,0:1:16,Uncategorized,0
255,eduapps.mit.edu,75,0:1:15,Presentation,2
256,forums.macrumors.com,75,0:1:15,General News & Opinion,-2
257,technologyreview.com,73,0:1:13,General Reference & Learning,1
258,cluechase.com,73,0:1:13,Uncategorized,0
259,iosdevelopertips.com,72,0:1:12,Engineering & Technology,1
260,sm-cloud.com,72,0:1:12,Uncategorized,0
261,chocolatefactorytheater.org,71,0:1:11,Uncategorized,0
262,so.iqiyi.com,70,0:1:10,Video,-2
263,member.citibikenyc.com,70,0:1:10,Uncategorized,0
264,learningenglish.voanews.com,70,0:1:10,General Reference & Learning,1
265,dramapanda.com,70,0:1:10,Uncategorized,0
266,stores.casper.com,69,0:1:9,General Shopping,-2
267,pcmag.com,69,0:1:9,Science & Technology,-1
268,dji.com,69,0:1:9,General Shopping,-2
269,prnewswire.com,68,0:1:8,General News & Opinion,-2
270,palantir.com,67,0:1:7,General Business,2
271,freetoursbyfoot.com,67,0:1:7,General Reference & Learning,1
272,groups.google.com,66,0:1:6,General Communication & Scheduling,0
273,radiichina.com,66,0:1:6,Uncategorized,0
274,myaccount.google.com,66,0:1:6,Internet Utilities,1
275,inkstonenews.com,66,0:1:6,Uncategorized,0
276,rt.com,65,0:1:5,General News & Opinion,-2
277,booksdescr.org,63,0:1:3,Uncategorized,0
278,emarketer.com,62,0:1:2,Search,0
279,outboundliving.com,62,0:1:2,Uncategorized,0
280,smorgasburg.com,60,0:1:0,Uncategorized,0
281,citibikenyc.com,60,0:1:0,Uncategorized,0
282,educba.com,60,0:1:0,General Reference & Learning,1
283,installer,59,0:0:59,General Utilities,1
284,braze.productboard.com,59,0:0:59,Uncategorized,0
285,lifehacker.com,59,0:0:59,General News & Opinion,-2
286,browse.nypl.org,59,0:0:59,General Reference & Learning,1
287,dailydot.com,58,0:0:58,General News & Opinion,-2
288,chrome.google.com,58,0:0:58,General Shopping,-2
289,foxbusiness.com,57,0:0:57,General News & Opinion,-2
290,pinterest.com,57,0:0:57,General Social Networking,-2
291,google chrome,56,0:0:56,Browsers,0
292,nycbynatives.com,54,0:0:54,Uncategorized,0
293,backup and sync from google,53,0:0:53,Uncategorized,0
294,reductionrevolution.com.au,53,0:0:53,Uncategorized,0
295,keyboardsetupassistant,53,0:0:53,General Utilities,1
296,pythonforbeginners.com,53,0:0:53,General Software Development,2
297,wordcounter.net,52,0:0:52,Writing,2
298,i.appboy.com,52,0:0:52,General Reference & Learning,1
299,telegraph.co.uk,51,0:0:51,General News & Opinion,-2
300,idp.mit.edu,51,0:0:51,General Reference & Learning,1
301,wideopenpets.com,49,0:0:49,Uncategorized,0
302,seattletimes.com,49,0:0:49,General News & Opinion,-2
303,artnews.com,48,0:0:48,Uncategorized,0
304,isb.bj.edu.cn,48,0:0:48,General Reference & Learning,1
305,vpn-1a.appboy.com,47,0:0:47,General Reference & Learning,1
306,mixandgo.com,46,0:0:46,Uncategorized,0
307,whatshouldwedo.com,46,0:0:46,Uncategorized,0
308,splinter.com.au,46,0:0:46,Engineering & Technology,1
309,usatoday.com,45,0:0:45,General News & Opinion,-2
310,designboom.com,45,0:0:45,Presentation,2
311,theamericanconservative.com,45,0:0:45,General News & Opinion,-2
312,SecurityAgent,45,0:0:45,Systems Operations,0
313,systemuiserver,44,0:0:44,General Utilities,1
314,uaap.mit.edu,44,0:0:44,Presentation,2
315,boston.eater.com,43,0:0:43,General Entertainment,-2
316,libgen.io,43,0:0:43,General Reference & Learning,1
317,content.pivotal.io,43,0:0:43,Uncategorized,0
318,custom-car-wraps.com,43,0:0:43,Uncategorized,0
319,gizmochina.com,43,0:0:43,General News & Opinion,-2
320,newengland.com,43,0:0:43,Uncategorized,0
321,dometic.com,41,0:0:41,General Reference & Learning,1
322,applynow.chase.com,41,0:0:41,Accounting,2
323,globalnation.inquirer.net,41,0:0:41,General News & Opinion,-2
324,fortuneandframe.com,40,0:0:40,Uncategorized,0
325,ru.atlassian.com,39,0:0:39,Search,0
326,app.fooda.com,39,0:0:39,Uncategorized,0
327,drugabuse.gov,38,0:0:38,Search,0
328,capitalspiritsbj.com,38,0:0:38,Uncategorized,0
329,console,38,0:0:38,Systems Operations,2
330,mi.com,37,0:0:37,Electronics,-2
331,jetsetter.com,37,0:0:37,General Shopping,-2
332,abacusnews.com,37,0:0:37,Uncategorized,0
333,thekrazycouponlady.com,36,0:0:36,General Shopping,-2
334,booking.com,36,0:0:36,Travel & Outdoors,-2
335,eturbonews.com,36,0:0:36,Uncategorized,0
336,livelikepete.com,35,0:0:35,Uncategorized,0
337,brazetechnology.slack.com,35,0:0:35,Instant Message,-1
338,etsy.com,35,0:0:35,General Shopping,-2
339,travel.usnews.com,35,0:0:35,General Reference & Learning,1
340,timeout.com,35,0:0:35,Search,0
341,programiz.com,34,0:0:34,Uncategorized,0
342,eurocampers.com,34,0:0:34,Uncategorized,0
343,supchina.com,34,0:0:34,Uncategorized,0
344,ncbi.nlm.nih.gov,34,0:0:34,Engineering & Technology,1
345,git-scm.com,34,0:0:34,General Software Development,2
346,datacamp.com,34,0:0:34,Engineering & Technology,1
347,target.com,33,0:0:33,General Shopping,-2
348,planetrewards.perkville.com,33,0:0:33,General Business,2
349,easeus.com,32,0:0:32,General Utilities,1
350,ecns.cn,32,0:0:32,Uncategorized,0
351,chinesedrama.info,32,0:0:32,Uncategorized,0
352,blog.rescuetime.com,32,0:0:32,Intelligence,2
353,s3.amazonaws.com,32,0:0:32,Internet Utilities,1
354,appleid.apple.com,32,0:0:32,General Reference & Learning,1
355,staples.com,32,0:0:32,General Business,2
356,weforum.org,31,0:0:31,General News & Opinion,-2
357,zhihu.com,31,0:0:31,General Reference & Learning,1
358,crunch.com,31,0:0:31,Uncategorized,0
359,foxnews.com,31,0:0:31,General News & Opinion,-2
360,askubuntu.com,31,0:0:31,Engineering & Technology,1
361,boston-discovery-guide.com,30,0:0:30,Uncategorized,0
362,sixthtone.com,30,0:0:30,Uncategorized,0
363,w3schools.com,30,0:0:30,Engineering & Technology,1
364,airchina.us,29,0:0:29,Travel & Outdoors,-2
365,coreautha,29,0:0:29,Uncategorized,0
366,appboy.github.io,29,0:0:29,General Software Development,2
367,store.boltbus.com,29,0:0:29,Travel & Outdoors,-2
368,nationalpost.com,29,0:0:29,General News & Opinion,-2
369,campergrid.com,28,0:0:28,Uncategorized,0
370,code.likeagirl.io,28,0:0:28,Uncategorized,0
371,china.org.cn,28,0:0:28,General News & Opinion,0
372,springer.com,27,0:0:27,Search,0
373,flyertalk.com,27,0:0:27,Travel & Outdoors,-2
374,malaymail.com,27,0:0:27,Uncategorized,0
375,tax.ny.gov,27,0:0:27,General Business,2
376,news.sky.com,27,0:0:27,General News & Opinion,-2
377,myactivity.google.com,26,0:0:26,General Business,2
378,docs.python.org,26,0:0:26,General Software Development,2
379,laguardia.edu,25,0:0:25,General Reference & Learning,1
380,iask.sina.com.cn,25,0:0:25,Search,0
381,self service,25,0:0:25,General Software Development,2
382,wikihow.com,25,0:0:25,Search,0
383,lexus.com,24,0:0:24,General Social Networking,-2
384,RescueTime,24,0:0:24,Intelligence,0
385,tomsguide.com,24,0:0:24,General News & Opinion,-2
386,world.taobao.com,24,0:0:24,General Business,2
387,safari-resource:,24,0:0:24,Browsers,0
388,carwrapsolutions.com,23,0:0:23,Uncategorized,0
389,crainsnewyork.com,23,0:0:23,Intelligence,2
390,powells.com,23,0:0:23,General Shopping,-2
391,romancecompass.com,22,0:0:22,Uncategorized,0
392,datatofish.com,22,0:0:22,Uncategorized,0
393,sltnyc.com,22,0:0:22,Uncategorized,0
394,idmsa.apple.com,22,0:0:22,General Software Development,2
395,travelchinaguide.com,22,0:0:22,Travel & Outdoors,-2
396,us.letgo.com,22,0:0:22,Uncategorized,0
397,nextcity.org,22,0:0:22,Uncategorized,0
398,oureverydaylife.com,22,0:0:22,Uncategorized,0
399,staralliance.com,21,0:0:21,Travel & Outdoors,-2
400,publichealthnewswire.org,21,0:0:21,Uncategorized,0
401,Blank Web Browser,21,0:0:21,Internet Utilities,0
402,dailysignal.com,20,0:0:20,General News & Opinion,-2
403,htmlcolorcodes.com,20,0:0:20,Uncategorized,0
404,MS Excel,20,0:0:20,General Business,2
405,foursquare.com,20,0:0:20,General Social Networking,-2
406,datasciencemadesimple.com,19,0:0:19,Uncategorized,0
407,dayforcehcm.com,19,0:0:19,General Business,2
408,bookmarks,19,0:0:19,General News & Opinion,-2
409,webcamreports.com,19,0:0:19,Uncategorized,0
410,sublimetext.com,19,0:0:19,Writing,2
411,gnustep.org,18,0:0:18,General Software Development,2
412,coderwall.com,18,0:0:18,Professional Networking,1
413,redsh.com,18,0:0:18,Uncategorized,0
414,docs.microsoft.com,18,0:0:18,General Software Development,2
415,openvpn connect,17,0:0:17,Systems Operations,2
416,translate.google.com,17,0:0:17,Search,1
417,finder.com,17,0:0:17,Uncategorized,0
418,imageoptim.com,17,0:0:17,Uncategorized,0
419,developer.github.com,17,0:0:17,General Software Development,2
420,bookbub.com,16,0:0:16,General Shopping,-2
421,gist.github.com,16,0:0:16,General Software Development,2
422,abcnews.go.com,16,0:0:16,General News & Opinion,-2
423,247tickets.com,16,0:0:16,Uncategorized,0
424,raw.githubusercontent.com,16,0:0:16,General Software Development,2
425,esparparts.com,16,0:0:16,Uncategorized,0
426,shanelynn.ie,16,0:0:16,General Reference & Learning,1
427,youfit.com,15,0:0:15,Uncategorized,0
428,taskandpurpose.com,15,0:0:15,General News & Opinion,-2
429,railjournal.com,15,0:0:15,Uncategorized,0
430,rvservices.koa.com,14,0:0:14,Travel & Outdoors,-2
431,bamboohr.com,14,0:0:14,General Business,2
432,iterm2.com,14,0:0:14,General Software Development,2
433,cosmicfitclub.com,13,0:0:13,Uncategorized,0
434,usernotificationcenter,13,0:0:13,General Utilities,0
435,cyberciti.biz,13,0:0:13,Engineering & Technology,1
436,bookexpoamerica.com,13,0:0:13,General Business,2
437,s.dianping.com,12,0:0:12,Search,0
438,turbodieselregister.com,12,0:0:12,Uncategorized,0
439,shopnaturalwireless.com,12,0:0:12,Uncategorized,0
440,githubstatus.com,12,0:0:12,Uncategorized,0
441,usautoauthority.com,12,0:0:12,Uncategorized,0
442,slack.com,12,0:0:12,Instant Message,-1
443,thispointer.com,12,0:0:12,Uncategorized,0
444,eberspacher.com,12,0:0:12,Uncategorized,0
445,casperstoretrials.as.me,12,0:0:12,Uncategorized,0
446,washington.edu,11,0:0:11,Search,0
447,weather.gov.ky,11,0:0:11,General Business,2
448,python.org,11,0:0:11,General Software Development,2
449,app.bamboohr.com,11,0:0:11,General Business,2
450,author.baidu.com,11,0:0:11,Search,0
451,en.rfi.fr,11,0:0:11,Search,0
452,effbot.org,11,0:0:11,Search,0
453,e3.marco.ch,11,0:0:11,Uncategorized,0
454,anniversarygift.org,11,0:0:11,Uncategorized,0
455,twitter.com,11,0:0:11,General Social Networking,-2
456,720yun.com,10,0:0:10,Uncategorized,0
457,class.ps,10,0:0:10,Uncategorized,0
458,stanford.edu,10,0:0:10,General Reference & Learning,1
459,anytimefitness.com,10,0:0:10,General Business,2
460,mp.sohu.com,10,0:0:10,General News & Opinion,-2
461,politico.com,9,0:0:9,General News & Opinion,-2
462,vogue.com,9,0:0:9,Presentation,2
463,zh.greatfire.org,9,0:0:9,Uncategorized,0
464,login.wellesley.edu,9,0:0:9,General Reference & Learning,1
465,e-junkie.com,9,0:0:9,Email,0
466,ajot.com,9,0:0:9,Uncategorized,0
467,app.productboard.com,9,0:0:9,Uncategorized,0
468,theculturetrip.com,9,0:0:9,Uncategorized,0
469,library1.org,8,0:0:8,Uncategorized,0
470,webapps.stackexchange.com,8,0:0:8,Engineering & Technology,1
471,elgoog.im,8,0:0:8,General Entertainment,-2
472,chengdu-expat.com,8,0:0:8,Uncategorized,0
473,techwalla.com,8,0:0:8,Uncategorized,0
474,jaxenter.com,8,0:0:8,Science & Technology,-1
475,rbcomponents.com,8,0:0:8,Uncategorized,0
476,smallbusiness.chron.com,7,0:0:7,General Business,2
477,youku.com,7,0:0:7,General Entertainment,-2
478,Google Drive - Google Apps,7,0:0:7,General Business,2
479,css.csail.mit.edu,7,0:0:7,Engineering & Technology,1
480,crlaurence.com,7,0:0:7,General Reference & Learning,1
481,phys.org,7,0:0:7,Science & Technology,-1
482,problem reporter,7,0:0:7,General News & Opinion,-2
483,books.google.com,7,0:0:7,Search,0
484,thelancet.com,6,0:0:6,Health & Medicine,1
485,forum.skyscraperpage.com,6,0:0:6,Maps & Regional,1
486,booktopia.com.au,6,0:0:6,General Shopping,-2
487,airchina.cn,6,0:0:6,Travel & Outdoors,-2
488,student.societyforscience.org,6,0:0:6,General Reference & Learning,1
489,daypass.planetfitness.com,6,0:0:6,General Reference & Learning,1
490,hivy.braze.com,6,0:0:6,Uncategorized,0
491,alibaba.com,5,0:0:5,General News & Opinion,-2
492,duo.com,5,0:0:5,Uncategorized,0
493,heatso.com,5,0:0:5,Uncategorized,0
494,you.ctrip.com,5,0:0:5,Travel & Outdoors,-2
495,chinadigitaltimes.net,5,0:0:5,General News & Opinion,-2
496,airchina.com,5,0:0:5,Uncategorized,0
497,itunes.apple.com,5,0:0:5,General Shopping,-2
498,realtor.com,5,0:0:5,Home & Garden,0
499,afflow.winphonefree.info,5,0:0:5,Uncategorized,0
500,ads.trafficjunky.net,5,0:0:5,General Business,2
501,careeraddict.com,5,0:0:5,Uncategorized,0
502,walmart.com,4,0:0:4,General Shopping,-2
503,amzn.to,4,0:0:4,General Shopping,-2
504,nypl.org,4,0:0:4,Regional,-2
505,mailto:wuzy@263.net,4,0:0:4,Uncategorized,0
506,braze.latticehq.com,4,0:0:4,Uncategorized,0
507,apps,4,0:0:4,General Utilities,1
508,siri,4,0:0:4,General Utilities,1
509,l.messenger.com,4,0:0:4,Instant Message,-1
510,tkographix.com,4,0:0:4,Uncategorized,0
511,img.ditiezu.com,4,0:0:4,Uncategorized,0
512,act.mit.edu,3,0:0:3,Presentation,2
513,cdis.isc.iscglobal.org,3,0:0:3,Uncategorized,0
514,googletraveladservices.com,3,0:0:3,Uncategorized,0
515,open.weixin.qq.com,3,0:0:3,General Software Development,2
516,iforgot.apple.com,3,0:0:3,General News & Opinion,-2
517,dayforce.com,3,0:0:3,Uncategorized,0
518,networks.h-net.org,3,0:0:3,General Reference & Learning,1
519,imageoptim,3,0:0:3,General Utilities,1
520,applerepairstation.co.uk,3,0:0:3,Uncategorized,0
521,gaoloumi.com,3,0:0:3,Regional,-2
522,cache.baiducontent.com,3,0:0:3,Uncategorized,0
523,l.loyalty.ms.aa.com,3,0:0:3,Travel & Outdoors,-2
524,bustle.com,3,0:0:3,General News & Opinion,-2
525,arstechnica.com,3,0:0:3,Science & Technology,-1
526,archive utility,2,0:0:2,General Utilities,1
527,brazetechnology.slack.co9,2,0:0:2,Uncategorized,0
528,a.cdn.intentmedia.net,2,0:0:2,Uncategorized,0
529,weather.bm,2,0:0:2,Uncategorized,0
530,blog.teamtreehouse.com,2,0:0:2,Engineering & Technology,1
531,2fa.wellesley.edu,1,0:0:1,General Reference & Learning,1
532,fooda.com,1,0:0:1,Uncategorized,0
533,email.app.bamboohr.com,1,0:0:1,Uncategorized,0
534,mailto:management@jacksonparklic.com,1,0:0:1,Uncategorized,0
535,bit.ly,1,0:0:1,General News & Opinion,-2
536,dock,1,0:0:1,General Utilities,1
537,BBC,1,0:0:1,International,2
538,Google Maps,1,0:0:1,Maps & Regional,1
539,nese.mx.tl,1,0:0:1,Uncategorized,0
540,opnomad.com,1,0:0:1,Uncategorized,0
541,apple.com-shield-device.live,1,0:0:1,Uncategorized,0
